Region,Product,Sales,Quantity
North,Electronics,450,3
South,Furniture,800,5
East,Clothing,300,4
West,Electronics,1200,7
North,Furniture,650,2
South,Clothing,200,6
East,Electronics,900,4
West,Furniture,400,3
North,Clothing,700,8
South,Electronics,1500,9
East,Furniture,550,3
West,Clothing,100,2
North,Electronics,950,5
South,Furniture,300,2
East,Clothing,780,7
West,Electronics,1800,10
North,Furniture,400,1
South,Clothing,620,5
East,Electronics,700,4
West,Furniture,1300,6
North,Clothing,200,1
South,Electronics,850,3
East,Furniture,900,5
West,Clothing,650,4
North,Electronics,1600,8
South,Furniture,500,3
East,Clothing,450,3
West,Electronics,700,4
