study_hours,attendance,previous_grade,extracurricular,pass_fail
7,71,B,Yes,Pass
4,60,C,No,Fail
8,97,A,Yes,Pass
5,65,A,No,Fail
7,82,A,No,Pass
10,58,A,No,Fail
3,55,C,Yes,Fail
7,65,B,Yes,Fail
8,78,A,No,Pass
5,52,B,Yes,Fail
4,69,C,No,Fail
8,85,C,Yes,Pass
8,68,C,No,Fail
3,75,A,No,Fail
6,52,B,Yes,Fail
5,68,B,No,Fail
2,69,B,Yes,Fail
8,81,C,No,Pass
6,56,A,No,Fail
2,90,C,Yes,Fail
5,82,C,Yes,Pass
1,89,B,Yes,Fail
10,88,C,No,Pass
6,67,B,Yes,Fail
9,89,A,No,Pass
1,50,B,No,Fail
10,60,A,Yes,Fail
3,77,B,Yes,Fail
7,74,C,No,Pass
4,99,C,No,Fail
9,72,A,Yes,Pass
3,80,A,Yes,Fail
5,79,A,Yes,Pass
3,91,B,Yes,Fail
7,84,B,Yes,Pass
5,56,A,No,Fail
9,65,C,No,Fail
7,75,B,No,Pass
2,97,B,No,Fail
4,98,B,Yes,Fail
9,51,A,Yes,Fail
2,50,A,Yes,Fail
10,97,A,No,Pass
9,61,A,No,Fail
10,54,A,Yes,Fail
5,86,C,Yes,Pass
2,81,C,No,Fail
4,58,A,No,Fail
7,90,B,Yes,Pass
8,84,A,Yes,Pass
3,68,C,No,Fail
1,97,C,Yes,Fail
4,65,B,Yes,Fail
2,52,C,Yes,Fail
8,69,A,No,Fail
4,73,B,No,Fail
2,82,A,No,Fail
6,73,A,No,Pass
6,60,B,No,Fail
10,98,A,No,Pass
4,57,C,No,Fail
6,85,A,Yes,Pass
2,87,B,Yes,Fail
10,89,B,Yes,Pass
2,69,B,Yes,Fail
10,84,A,Yes,Pass
4,97,B,Yes,Fail
8,74,B,Yes,Pass
7,84,A,No,Pass
9,74,C,No,Pass
8,78,A,Yes,Pass
5,67,B,Yes,Fail
2,95,B,No,Fail
5,67,A,Yes,Fail
8,51,C,Yes,Fail
10,84,B,No,Pass
9,65,B,Yes,Fail
9,90,B,No,Pass
1,85,A,Yes,Fail
9,82,B,No,Pass
7,53,C,No,Fail
9,82,B,No,Pass
8,63,B,Yes,Fail
1,70,C,No,Fail
8,97,B,Yes,Pass
8,69,A,Yes,Fail
3,57,A,Yes,Fail
1,56,A,Yes,Fail
8,52,C,No,Fail
3,66,B,No,Fail
3,82,A,Yes,Fail
1,97,C,Yes,Fail
5,61,B,No,Fail
10,100,C,Yes,Pass
7,71,A,No,Pass
10,71,A,Yes,Pass
9,95,A,Yes,Pass
7,79,C,No,Pass
9,87,C,Yes,Pass
8,87,A,No,Pass
2,94,C,Yes,Fail
1,100,A,Yes,Fail
7,57,A,Yes,Fail
7,76,B,No,Pass
8,76,C,Yes,Pass
5,83,A,Yes,Pass
3,70,A,Yes,Fail
8,79,C,Yes,Pass
6,82,B,No,Pass
3,77,B,No,Fail
1,96,A,Yes,Fail
3,82,C,No,Fail
5,54,B,Yes,Fail
3,97,C,Yes,Fail
1,68,C,Yes,Fail
5,53,A,No,Fail
10,84,B,No,Pass
7,98,A,No,Pass
7,66,B,No,Fail
9,93,B,No,Pass
10,77,B,No,Pass
10,79,B,No,Pass
3,78,B,No,Fail
7,95,C,No,Pass
1,55,A,Yes,Fail
4,84,C,No,Fail
4,90,B,No,Fail
5,86,A,No,Pass
7,73,B,No,Pass
7,78,A,No,Pass
4,98,C,No,Fail
7,95,A,No,Pass
3,80,A,No,Fail
6,84,A,No,Pass
2,82,A,No,Fail
10,70,A,No,Pass
9,81,B,Yes,Pass
5,72,A,Yes,Pass
6,82,A,No,Pass
4,52,C,No,Fail
10,67,A,Yes,Fail
7,74,C,No,Pass
9,91,B,Yes,Pass
7,80,A,Yes,Pass
1,52,C,Yes,Fail
1,89,C,Yes,Fail
9,95,B,Yes,Pass
9,73,A,No,Pass
4,99,A,Yes,Fail
9,81,C,No,Pass
3,96,A,No,Fail
7,71,C,Yes,Pass
6,72,A,Yes,Pass
8,51,C,No,Fail
9,76,A,Yes,Pass
5,91,B,Yes,Pass
1,51,A,No,Fail
3,75,A,No,Fail
10,66,B,Yes,Fail
8,89,A,No,Pass
6,82,B,Yes,Pass
8,58,A,Yes,Fail
9,92,C,Yes,Pass
4,97,C,No,Fail
1,88,A,No,Fail
1,78,A,No,Fail
10,91,A,No,Pass
4,75,C,No,Fail
7,84,A,Yes,Pass
2,99,C,Yes,Fail
3,74,B,Yes,Fail
1,73,C,Yes,Fail
5,62,C,No,Fail
1,56,B,Yes,Fail
8,85,C,No,Pass
1,94,A,Yes,Fail
1,69,A,No,Fail
2,50,C,No,Fail
2,57,A,Yes,Fail
6,95,C,Yes,Pass
7,65,A,Yes,Fail
5,63,A,Yes,Fail
1,61,C,No,Fail
1,100,A,Yes,Fail
3,72,C,Yes,Fail
2,64,A,No,Fail
5,77,A,Yes,Pass
10,83,B,Yes,Pass
6,51,B,Yes,Fail
7,81,C,Yes,Pass
4,72,B,Yes,Fail
7,71,C,No,Pass
8,100,B,Yes,Pass
1,74,A,Yes,Fail
6,71,C,Yes,Pass
8,71,C,Yes,Pass
5,98,A,Yes,Pass
4,91,C,No,Fail
2,55,C,Yes,Fail
6,64,B,No,Fail
